9.746293e-02,0.000000e+00
3.309015e-01,0.000000e+00
2.937456e-01,0.000000e+00
7.414020e-01,0.000000e+00
9.635425e-02,0.000000e+00
-7.371786e-01,0.000000e+00
-4.784668e-01,0.000000e+00
-1.564346e-01,0.000000e+00
-2.358236e-01,0.000000e+00
2.597233e-01,0.000000e+00
6.029092e-01,0.000000e+00
4.017720e-01,0.000000e+00
-3.979064e-01,0.000000e+00
5.935148e-01,0.000000e+00
6.238643e-01,0.000000e+00
1.203014e-01,0.000000e+00
4.775620e-01,0.000000e+00
-8.531426e-01,0.000000e+00
4.830983e-01,0.000000e+00
8.986832e-01,3.906250e-03
2.640278e-02,3.906250e-03
1.928078e-01,3.906250e-03
-2.688537e-01,7.812500e-03
6.665117e-02,1.171875e-02
7.088669e-01,1.562500e-02
8.974231e-01,1.562500e-02
4.311992e-01,1.953125e-02
3.126560e-02,1.953125e-02
-1.665210e-01,2.343750e-02
1.042806e-01,2.734375e-02
-4.809329e-01,3.125000e-02
-3.140057e-01,3.515625e-02
5.466761e-03,3.515625e-02
-4.797301e-01,3.906250e-02
-2.855536e-01,4.296875e-02
-7.917606e-01,4.687500e-02
5.136811e-02,4.687500e-02
-3.191961e-01,4.687500e-02
5.233870e-01,4.687500e-02
-6.990771e-01,4.296875e-02
2.404041e-01,3.906250e-02
-7.219694e-01,3.515625e-02
2.701305e-01,2.734375e-02
-2.572668e-01,2.343750e-02
-6.920306e-01,1.171875e-02
-3.056294e-01,7.812500e-03
4.047708e-02,-3.906250e-03
-2.373131e-01,-7.812500e-03
-9.519057e-01,-1.953125e-02
3.637035e-01,-2.343750e-02
-1.959245e-01,-3.515625e-02
-2.776719e-01,-3.906250e-02
1.734334e-01,-4.687500e-02
4.303027e-01,-5.078125e-02
3.968360e-01,-5.468750e-02
-2.408133e-01,-5.859375e-02
3.801682e-01,-6.250000e-02
-5.879457e-01,-6.250000e-02
9.469916e-01,-6.250000e-02
-6.664422e-01,-6.250000e-02
3.619877e-01,-6.250000e-02
-1.118644e-01,-5.859375e-02
9.981309e-01,-5.859375e-02
-1.035466e-01,-5.468750e-02
-4.572746e-01,-5.078125e-02
-8.588807e-02,-4.296875e-02
-2.438806e-01,-3.906250e-02
3.637038e-01,-3.515625e-02
1.885329e-01,-2.343750e-02
-7.609234e-01,-1.953125e-02
-1.228859e-01,-1.562500e-02
8.890118e-02,-1.171875e-02
-1.264690e+00,-7.812500e-03
-5.967366e-01,-3.906250e-03
-7.411986e-04,0.000000e+00
-4.643941e-01,0.000000e+00
-1.171337e+00,0.000000e+00
-1.715900e-01,0.000000e+00
3.584331e-01,-3.906250e-03
-2.967551e-01,-7.812500e-03
-4.362279e-01,-1.562500e-02
1.035845e-01,-1.953125e-02
-1.548445e-01,-2.343750e-02
-3.877248e-01,-3.515625e-02
1.248955e-01,-4.687500e-02
4.628627e-02,-5.468750e-02
-6.495284e-01,-6.640625e-02
4.473174e-02,-7.031250e-02
-3.191984e-01,-7.421875e-02
8.000070e-01,-7.812500e-02
-8.634457e-02,-8.203125e-02
2.503687e-01,-8.593750e-02
1.210144e-01,-8.984375e-02
8.506110e-01,-8.984375e-02
7.259829e-01,-8.593750e-02
-3.879755e-01,-8.203125e-02
-2.607686e-01,-7.812500e-02
3.988181e-01,-7.031250e-02
-1.397300e-01,-6.640625e-02
-8.274637e-01,-5.468750e-02
1.610174e-01,-5.078125e-02
4.317750e-01,-3.906250e-02
-9.973530e-01,-3.515625e-02
1.023280e+00,-2.343750e-02
8.460290e-01,-1.953125e-02
-5.471905e-01,-7.812500e-03
-5.054688e-01,-3.906250e-03
1.038143e+00,0.000000e+00
3.631882e-01,3.906250e-03
4.738623e-01,3.906250e-03
-4.706084e-01,3.906250e-03
-5.067532e-01,3.906250e-03
6.831386e-01,3.906250e-03
-6.836160e-02,3.906250e-03
4.656825e-01,3.906250e-03
-7.758131e-01,3.906250e-03
-8.088947e-02,3.906250e-03
7.840305e-01,3.906250e-03
9.278318e-01,3.906250e-03
-1.035906e+00,3.906250e-03
-3.190155e-01,3.906250e-03
-9.278172e-01,3.906250e-03
4.126861e-01,7.812500e-03
-6.211655e-01,1.171875e-02
-3.198975e-01,1.562500e-02
-5.678389e-01,1.562500e-02
1.542006e-01,1.562500e-02
-4.843343e-01,1.171875e-02
2.393040e-01,7.812500e-03
-1.366288e-01,3.906250e-03
-1.827168e-01,3.906250e-03
6.096208e-01,-3.906250e-03
-1.414705e-03,-7.812500e-03
1.808535e+00,-1.171875e-02
-4.723799e-01,-1.953125e-02
4.816476e-04,-2.343750e-02
-1.702918e-01,-3.125000e-02
-4.573893e-01,-3.125000e-02
3.804687e-01,-3.515625e-02
4.767678e-01,-3.906250e-02
-3.828655e-01,-3.906250e-02
5.852528e-01,-3.515625e-02
1.409502e-01,-3.125000e-02
4.939469e-01,-3.125000e-02
-2.345793e-01,-2.343750e-02
-4.243887e-01,-1.953125e-02
-3.626763e-01,-1.562500e-02
-2.167582e-01,-7.812500e-03
-1.276427e+00,-3.906250e-03
-6.640035e-01,0.000000e+00
-3.268917e-01,7.812500e-03
-6.768573e-01,1.171875e-02
9.914940e-02,1.562500e-02
4.859109e-01,1.562500e-02
3.924964e-01,1.562500e-02
-2.373429e-04,1.171875e-02
7.561993e-01,7.812500e-03
-6.833772e-01,-3.906250e-03
1.325348e-01,-7.812500e-03
1.815986e-01,-1.953125e-02
1.118884e-01,-2.343750e-02
-6.617311e-01,-3.515625e-02
2.346238e-01,-3.906250e-02
-7.282956e-01,-4.296875e-02
2.615263e-01,-4.687500e-02
-4.874120e-01,-4.687500e-02
-5.239866e-01,-4.687500e-02
-2.620909e-01,-4.687500e-02
-3.638600e-01,-4.687500e-02
-6.556733e-02,-4.687500e-02
-5.863305e-01,-4.687500e-02
-4.855743e-01,-4.296875e-02
-3.350302e-01,-4.296875e-02
7.135843e-02,-4.296875e-02
-3.097415e-01,-4.296875e-02
7.553798e-02,-4.296875e-02
7.938100e-02,-4.296875e-02
-1.468293e-02,-4.296875e-02
-4.695010e-01,-4.296875e-02
-2.955014e-01,-4.687500e-02
-5.325480e-01,-5.078125e-02
-1.733245e-01,-5.468750e-02
3.965548e-02,-5.859375e-02
-2.803545e-01,-6.250000e-02
1.057669e+00,-6.250000e-02
3.141108e-01,-6.640625e-02
-7.933815e-01,-7.031250e-02
1.380685e-01,-7.421875e-02
2.305355e-01,-7.421875e-02
-1.896499e-01,-7.421875e-02
-1.073994e-01,-7.421875e-02
-5.032818e-01,-7.031250e-02
5.078840e-01,-6.640625e-02
8.539865e-02,-6.250000e-02
1.131735e+00,-5.859375e-02
-7.094329e-02,-5.468750e-02
6.815778e-01,-5.078125e-02
-1.662664e-01,-4.687500e-02
2.991931e-01,-3.906250e-02
-2.736258e-01,-3.515625e-02
7.474665e-01,-3.125000e-02
1.557780e-01,-2.343750e-02
8.725725e-02,-1.953125e-02
5.411499e-01,-1.562500e-02
1.188705e+00,-7.812500e-03
5.850656e-01,-3.906250e-03
2.909733e-01,3.906250e-03
-3.911405e-01,7.812500e-03
1.169056e+00,1.171875e-02
2.098568e-01,2.343750e-02
-3.991542e-01,2.734375e-02
-2.323067e-01,3.125000e-02
-4.505208e-01,3.906250e-02
-7.130813e-01,4.296875e-02
-5.586767e-02,5.078125e-02
-1.081410e-01,5.468750e-02
-4.858751e-01,5.859375e-02
-4.547191e-01,6.250000e-02
3.744107e-01,6.250000e-02
-7.959578e-01,6.250000e-02
5.744466e-01,6.250000e-02
-3.954127e-02,5.859375e-02
-9.675735e-02,5.468750e-02
5.175459e-01,4.296875e-02
3.336885e-01,3.906250e-02
-2.248696e-01,2.734375e-02
-6.712999e-01,1.562500e-02
4.523424e-01,7.812500e-03
1.707879e-01,-3.906250e-03
3.141782e-01,-7.812500e-03
-3.599951e-02,-1.562500e-02
1.890047e-01,-1.953125e-02
5.010585e-02,-2.343750e-02
3.006373e-01,-2.734375e-02
-4.893061e-02,-2.734375e-02
-2.425264e-01,-2.734375e-02
8.411188e-01,-2.734375e-02
-1.538941e-01,-2.343750e-02
-5.889152e-02,-1.953125e-02
-2.627880e-01,-1.562500e-02
5.421192e-01,-1.171875e-02
5.471768e-01,-7.812500e-03
1.616758e-01,-3.906250e-03
-2.235731e-01,3.906250e-03
1.754952e-01,7.812500e-03
7.873651e-02,1.171875e-02
-1.460828e-01,1.562500e-02
-3.966335e-01,1.953125e-02
-2.070373e-02,1.953125e-02
-1.841656e-01,1.953125e-02
8.794407e-02,1.953125e-02
9.224042e-01,1.953125e-02
-5.335710e-01,1.953125e-02
-2.280386e-01,1.953125e-02
2.647699e-02,1.953125e-02
-3.373201e-01,1.953125e-02
-1.115809e-01,1.562500e-02
-2.218603e-01,1.562500e-02
-2.326162e-01,1.171875e-02
-8.117760e-01,7.812500e-03
1.155838e-01,3.906250e-03
-3.253920e-01,0.000000e+00
2.499558e-01,0.000000e+00
4.620850e-01,-3.906250e-03
-1.059167e+00,-7.812500e-03
-3.874518e-01,-1.171875e-02
5.001536e-01,-1.562500e-02
4.961555e-01,-1.953125e-02
4.191384e-01,-2.343750e-02
-7.726480e-01,-2.734375e-02
8.562030e-01,-3.125000e-02
-7.511279e-01,-3.515625e-02
6.474765e-02,-3.906250e-02
-5.276064e-01,-4.296875e-02
5.083763e-01,-4.296875e-02
-3.133543e-01,-4.296875e-02
-3.928686e-01,-4.296875e-02
4.204124e-01,-3.906250e-02
1.369646e-01,-3.515625e-02
-1.694654e-01,-3.125000e-02
-5.422753e-01,-3.125000e-02
6.383596e-01,-3.125000e-02
-8.337034e-01,-2.734375e-02
-8.306715e-01,-2.734375e-02
-3.346541e-02,-2.734375e-02
-6.523296e-01,-2.734375e-02
-2.919675e-01,-2.343750e-02
2.215415e-01,-2.343750e-02
-3.286963e-01,-2.343750e-02
-2.322272e-01,-2.734375e-02
2.929382e-01,-2.734375e-02
-4.841717e-01,-2.734375e-02
-2.513239e-01,-3.125000e-02
8.549865e-02,-3.515625e-02
-6.647652e-02,-3.906250e-02
-4.003864e-01,-4.296875e-02
-4.909899e-02,-5.078125e-02
6.467836e-01,-5.468750e-02
1.497931e-01,-5.859375e-02
-1.531886e-01,-5.859375e-02
-6.739979e-01,-6.250000e-02
-3.698972e-01,-6.250000e-02
2.053761e-01,-6.250000e-02
-6.042962e-01,-6.250000e-02
-5.487823e-01,-6.250000e-02
-4.336050e-01,-6.250000e-02
4.803719e-01,-5.859375e-02
3.807303e-01,-5.859375e-02
3.143497e-01,-5.468750e-02
2.268551e-01,-5.078125e-02
3.856995e-01,-4.687500e-02
-9.698406e-01,-4.687500e-02
6.700978e-01,-4.687500e-02
-2.936826e-01,-4.687500e-02
-2.205592e-01,-4.296875e-02
3.517641e-01,-4.296875e-02
-6.863873e-02,-4.296875e-02
-6.090952e-01,-3.906250e-02
-1.164014e-01,-3.515625e-02
-3.736025e-02,-3.125000e-02
8.079843e-01,-3.125000e-02
-1.214677e-01,-3.125000e-02
-8.246667e-02,-2.734375e-02
-9.713336e-01,-2.734375e-02
-3.665978e-02,-2.734375e-02
1.075133e-01,-2.734375e-02
-6.375776e-01,-2.343750e-02
3.062988e-01,-1.953125e-02
-1.422321e-01,-1.562500e-02
5.900911e-01,-1.562500e-02
-1.776332e-01,-1.953125e-02
1.166050e-01,-2.343750e-02
-2.724172e-01,-2.734375e-02
8.999074e-02,-2.734375e-02
-9.113017e-01,-2.734375e-02
-5.546640e-01,-2.734375e-02
-4.071442e-01,-2.734375e-02
-1.097688e+00,-2.734375e-02
1.797087e-01,-3.125000e-02
-3.305898e-01,-3.125000e-02
2.825831e-01,-3.125000e-02
-4.902703e-01,-3.125000e-02
-4.611901e-01,-3.515625e-02
6.199756e-02,-3.906250e-02
9.484883e-02,-4.296875e-02
7.547647e-01,-4.687500e-02
4.294865e-01,-5.078125e-02
8.501921e-01,-5.468750e-02
2.632129e-01,-5.859375e-02
5.756596e-02,-6.250000e-02
7.178179e-02,-6.250000e-02
-1.482848e-01,-6.250000e-02
-6.196012e-02,-6.250000e-02
2.957300e-01,-6.250000e-02
1.070892e+00,-6.250000e-02
4.217509e-01,-5.468750e-02
1.585351e-01,-5.078125e-02
6.640794e-02,-3.906250e-02
-1.611369e-01,-3.515625e-02
2.203227e-01,-2.343750e-02
2.633080e-01,-1.562500e-02
3.067411e-01,-3.906250e-03
8.647781e-01,7.812500e-03
-2.956555e-01,1.171875e-02
1.005885e-01,2.343750e-02
2.325448e-01,2.734375e-02
-3.045311e-01,3.515625e-02
-4.193461e-01,3.906250e-02
-9.960266e-03,4.296875e-02
-1.584996e-02,4.687500e-02
4.104676e-01,5.078125e-02
1.110373e-01,5.078125e-02
1.530326e-01,5.078125e-02
8.066410e-01,5.078125e-02
-2.061075e-01,4.687500e-02
-1.440028e-01,4.296875e-02
-4.478137e-01,3.906250e-02
2.134944e-01,3.515625e-02
1.518063e-01,3.125000e-02
-7.255059e-01,2.734375e-02
2.159369e-01,2.343750e-02
-3.536149e-01,1.953125e-02
-1.508939e-01,1.953125e-02
3.164447e-01,1.562500e-02
-1.032604e-02,1.562500e-02
1.248396e-01,1.171875e-02
3.584406e-01,7.812500e-03
5.693034e-01,3.906250e-03
-6.090850e-02,3.906250e-03
2.288752e-01,0.000000e+00
1.141776e-01,0.000000e+00
-1.543233e-01,0.000000e+00
-3.688366e-01,0.000000e+00
2.941664e-01,0.000000e+00
6.826893e-01,0.000000e+00
-2.855440e-01,0.000000e+00
3.083642e-01,0.000000e+00
-2.778438e-02,0.000000e+00
1.012425e+00,3.906250e-03
1.928500e-02,3.906250e-03
-7.319874e-01,3.906250e-03
1.430177e-03,7.812500e-03
1.122183e-01,1.171875e-02
-6.032357e-01,1.562500e-02
-3.233365e-01,1.562500e-02
1.463237e-01,1.953125e-02
3.970697e-01,1.953125e-02
-3.450319e-01,1.953125e-02
-6.383882e-01,1.953125e-02
8.312181e-01,1.953125e-02
-8.873687e-01,1.953125e-02
3.481825e-01,1.953125e-02
5.340587e-01,1.562500e-02
1.569211e+00,1.171875e-02
2.651014e-02,7.812500e-03
5.731630e-02,3.906250e-03
6.153501e-02,0.000000e+00
-8.927083e-01,-3.906250e-03
7.324081e-02,-7.812500e-03
-8.993816e-02,-1.171875e-02
-4.467003e-04,-1.171875e-02
-1.027877e-01,-1.171875e-02
-2.454744e-01,-7.812500e-03
-2.336193e-01,-3.906250e-03
3.541443e-01,0.000000e+00
7.785396e-01,0.000000e+00
9.961206e-01,3.906250e-03
-6.472019e-01,3.906250e-03
-5.836723e-01,3.906250e-03
-4.437935e-01,3.906250e-03
-3.800398e-03,3.906250e-03
4.431642e-03,3.906250e-03
5.745839e-01,3.906250e-03
3.596236e-01,3.906250e-03
-1.638798e-01,3.906250e-03
-2.002084e-01,3.906250e-03
-1.941550e-02,3.906250e-03
-3.395508e-01,3.906250e-03
-5.595952e-02,3.906250e-03
-2.526102e-01,3.906250e-03
4.114088e-01,0.000000e+00
-7.097468e-02,0.000000e+00
-6.533430e-01,0.000000e+00
-1.446273e-01,0.000000e+00
2.394968e-01,0.000000e+00
5.678381e-01,-3.906250e-03
-5.424347e-01,-7.812500e-03
1.223479e-01,-1.171875e-02
1.076528e-01,-1.171875e-02
-3.230999e-04,-1.171875e-02
-5.890035e-01,-1.562500e-02
2.804017e-01,-1.562500e-02
2.413269e-02,-1.562500e-02
3.494030e-01,-1.562500e-02
3.070830e-01,-1.562500e-02
6.129912e-01,-1.562500e-02
-9.861630e-01,-1.562500e-02
4.398322e-01,-1.562500e-02
3.342757e-01,-1.562500e-02
5.247763e-01,-1.562500e-02
-1.943925e-01,-1.562500e-02
-2.382502e-01,-1.562500e-02
-3.190018e-02,-1.562500e-02
1.552157e-01,-1.171875e-02
6.332881e-01,-1.171875e-02
2.812833e-01,-7.812500e-03
-5.289548e-01,-3.906250e-03
3.935438e-02,0.000000e+00
-2.060950e-01,0.000000e+00
7.137864e-01,3.906250e-03
-3.719731e-01,3.906250e-03
-4.879375e-01,7.812500e-03
-7.107567e-01,1.171875e-02
1.024845e-01,1.562500e-02
-4.014644e-02,1.562500e-02
-3.437044e-01,1.562500e-02
5.241752e-01,1.562500e-02
2.335908e-01,1.562500e-02
2.366962e-01,1.171875e-02
3.367493e-01,7.812500e-03
-9.889660e-01,3.906250e-03
1.710476e-01,0.000000e+00
-9.693129e-01,0.000000e+00
-3.522331e-01,-3.906250e-03
6.964757e-02,-7.812500e-03
-8.959639e-01,-1.171875e-02
6.311083e-01,-1.562500e-02
2.229797e-01,-1.562500e-02
-3.536555e-01,-1.953125e-02
-2.776957e-01,-2.343750e-02
-3.700382e-01,-2.734375e-02
-3.243973e-01,-2.734375e-02
8.904110e-01,-3.125000e-02
-1.361302e-01,-3.125000e-02
5.251527e-01,-3.515625e-02
1.595324e-01,-3.906250e-02
9.249130e-01,-4.296875e-02
4.721269e-01,-4.296875e-02
-3.121790e-01,-4.296875e-02
6.614990e-02,-4.296875e-02
-1.887374e-02,-4.296875e-02
3.448297e-01,-4.296875e-02
5.676727e-01,-3.906250e-02
4.454683e-01,-3.515625e-02
5.200657e-02,-2.734375e-02
-4.645257e-01,-2.343750e-02
2.503924e-01,-1.953125e-02
4.224157e-01,-7.812500e-03
4.061029e-01,-3.906250e-03
-2.015422e-01,7.812500e-03
5.597587e-03,1.171875e-02
2.616621e-01,1.953125e-02
-7.411942e-01,2.343750e-02
2.440368e-01,2.734375e-02
3.223881e-01,3.515625e-02
6.531064e-01,3.515625e-02
-8.923249e-01,3.515625e-02
3.916752e-01,3.515625e-02
-8.869875e-01,3.515625e-02
-6.839618e-01,3.515625e-02
-3.390505e-01,3.515625e-02
-2.833012e-01,3.125000e-02
-3.512514e-01,3.125000e-02
-2.763065e-01,2.734375e-02
1.999261e-01,2.343750e-02
4.201353e-01,1.171875e-02
9.707330e-02,7.812500e-03
1.149318e-01,3.906250e-03
-8.659919e-01,-3.906250e-03
-2.791398e-01,-7.812500e-03
-3.489307e-01,-1.953125e-02
-5.656984e-01,-2.343750e-02
-6.144396e-01,-3.125000e-02
4.434991e-02,-3.515625e-02
-1.668373e-01,-3.906250e-02
4.787433e-01,-4.296875e-02
4.523549e-01,-4.687500e-02
6.238039e-01,-4.687500e-02
3.005667e-02,-5.078125e-02
2.386950e-01,-5.468750e-02
-3.009103e-01,-5.859375e-02
1.919910e-01,-5.859375e-02
1.155187e-02,-5.859375e-02
1.626613e-01,-5.468750e-02
5.476937e-02,-5.078125e-02
8.771560e-02,-4.687500e-02
-3.246584e-01,-4.687500e-02
-2.186508e-02,-3.906250e-02
-2.441251e-01,-3.515625e-02
-6.504294e-01,-3.125000e-02
-2.870607e-01,-2.343750e-02
5.682366e-01,-1.953125e-02
-3.528159e-02,-1.562500e-02
1.547187e-01,-1.171875e-02
5.276251e-01,-7.812500e-03
4.682460e-01,-3.906250e-03
-3.999827e-01,0.000000e+00
4.277754e-01,0.000000e+00
1.986602e-01,-3.906250e-03
-5.639770e-01,-7.812500e-03
-6.630980e-01,-1.171875e-02
-3.412636e-01,-1.171875e-02
5.079851e-01,-1.171875e-02
1.026309e+00,-1.171875e-02
-1.571386e-01,-1.171875e-02
3.786196e-01,-1.171875e-02
8.718141e-02,-1.171875e-02
8.797029e-02,-1.171875e-02
8.675990e-02,-1.171875e-02
6.450754e-01,-1.171875e-02
-2.548445e-01,-1.171875e-02
-2.552005e-01,-7.812500e-03
-2.465507e-01,-3.906250e-03
-2.181041e-01,0.000000e+00
-3.899467e-02,0.000000e+00
-4.324379e-01,3.906250e-03
7.510052e-01,3.906250e-03
6.660624e-02,7.812500e-03
1.177173e-01,1.171875e-02
1.810203e-01,1.562500e-02
-3.051542e-01,1.562500e-02
-4.521903e-01,1.562500e-02
9.949947e-02,1.562500e-02
-7.685038e-01,1.562500e-02
1.990985e-01,1.171875e-02
-1.721335e-01,7.812500e-03
-1.604487e-02,3.906250e-03
-4.049379e-01,3.906250e-03
2.628513e-01,3.906250e-03
3.348783e-01,0.000000e+00
-2.405301e-01,-3.906250e-03
8.496187e-01,-7.812500e-03
1.724570e-01,-1.171875e-02
-5.014197e-01,-1.562500e-02
-1.151171e-01,-1.562500e-02
-3.756364e-01,-1.953125e-02
7.167840e-01,-2.343750e-02
-9.955646e-01,-2.734375e-02
-5.913737e-01,-2.734375e-02
7.993902e-01,-2.734375e-02
4.669262e-01,-2.734375e-02
5.375951e-01,-2.343750e-02
8.088229e-01,-1.953125e-02
-1.634623e-02,-1.562500e-02
-1.195901e+00,-1.562500e-02
-5.626403e-01,-1.562500e-02
-2.913387e-01,-1.562500e-02
4.301145e-01,-1.171875e-02
2.145864e-01,-1.171875e-02
-3.200542e-01,-1.171875e-02
2.534705e-01,-7.812500e-03
2.174016e-01,-3.906250e-03
2.663868e-01,0.000000e+00
6.167146e-01,0.000000e+00
-2.478824e-01,0.000000e+00
3.968732e-02,0.000000e+00
-6.049477e-01,0.000000e+00
2.238230e-01,0.000000e+00
6.640437e-01,0.000000e+00
2.566037e-02,0.000000e+00
8.835716e-01,0.000000e+00
-9.342698e-02,0.000000e+00
6.025625e-02,0.000000e+00
7.716527e-01,0.000000e+00
4.425218e-01,0.000000e+00
-9.772066e-02,0.000000e+00
1.214554e-01,0.000000e+00
-2.824868e-01,3.906250e-03
-6.097032e-01,3.906250e-03
-3.648899e-01,7.812500e-03
5.317876e-02,1.171875e-02
3.414875e-01,1.953125e-02
2.116672e-01,1.953125e-02
-7.438790e-01,2.343750e-02
-3.632031e-01,2.734375e-02
8.550669e-01,3.125000e-02
8.971952e-01,3.125000e-02
-4.389768e-01,3.125000e-02
2.955137e-01,3.125000e-02
2.173717e-01,2.734375e-02
5.328324e-01,2.343750e-02
1.227347e-01,1.953125e-02
5.318631e-02,1.562500e-02
1.142482e-01,1.562500e-02
-1.565595e+00,1.171875e-02
1.133510e-01,7.812500e-03
-7.321298e-02,3.906250e-03
-6.768144e-02,3.906250e-03
4.739343e-01,3.906250e-03
-6.528334e-01,3.906250e-03
7.690394e-01,3.906250e-03
-5.649290e-01,3.906250e-03
-2.873439e-02,3.906250e-03
4.546219e-01,3.906250e-03
4.695297e-01,3.906250e-03
-4.189267e-01,3.906250e-03
-2.131489e-01,3.906250e-03
4.387169e-01,0.000000e+00
3.728081e-01,0.000000e+00
2.175916e-01,0.000000e+00
-7.665499e-02,0.000000e+00
5.262545e-02,-3.906250e-03
-5.454201e-01,-7.812500e-03
-2.564418e-02,-1.171875e-02
-1.067943e+00,-1.171875e-02
7.763449e-01,-7.812500e-03
-3.967240e-02,-3.906250e-03
-4.324475e-01,0.000000e+00
6.169482e-01,0.000000e+00
-2.822406e-01,0.000000e+00
-5.449990e-01,0.000000e+00
3.295320e-01,0.000000e+00
1.658119e-01,0.000000e+00
1.294639e-01,-3.906250e-03
-8.453238e-01,-7.812500e-03
4.849228e-01,-1.171875e-02
-1.742018e-01,-1.171875e-02
-1.429507e-01,-1.171875e-02
6.716244e-01,-1.171875e-02
2.532868e-01,-1.562500e-02
-6.923486e-02,-1.562500e-02
-2.075165e-01,-1.562500e-02
9.517717e-02,-1.562500e-02
-2.636666e-02,-1.562500e-02
1.817103e-01,-1.562500e-02
6.210612e-01,-1.562500e-02
-6.320209e-01,-1.562500e-02
4.431057e-01,-1.562500e-02
6.761862e-01,-1.562500e-02
1.771330e-01,-1.562500e-02
2.613645e-01,-1.171875e-02
1.416985e-01,-1.171875e-02
-8.355639e-01,-7.812500e-03
5.081493e-01,-3.906250e-03
-2.706145e-01,0.000000e+00
-8.616803e-01,0.000000e+00
2.591827e-01,3.906250e-03
2.480359e-01,7.812500e-03
5.249692e-01,1.171875e-02
-3.837406e-02,1.562500e-02
5.674697e-01,1.562500e-02
-4.868509e-01,1.562500e-02
-6.392018e-01,1.562500e-02
-6.464056e-01,1.562500e-02
-1.174160e-01,1.562500e-02
8.470086e-02,1.562500e-02
-6.069274e-01,1.171875e-02
-5.148693e-02,7.812500e-03
3.767682e-01,3.906250e-03
-2.374873e-01,3.906250e-03
6.212749e-01,0.000000e+00
-7.387174e-02,-3.906250e-03
-9.199635e-02,-7.812500e-03
2.642869e-01,-1.171875e-02
-2.261522e-01,-1.953125e-02
9.961255e-01,-2.343750e-02
-4.016029e-02,-2.734375e-02
-1.972396e-01,-2.734375e-02
1.751911e-01,-3.125000e-02
-5.841332e-02,-3.125000e-02
6.785171e-01,-3.125000e-02
-5.582443e-01,-2.734375e-02
2.315139e-02,-2.734375e-02
4.478479e-01,-2.343750e-02
-4.241272e-01,-1.953125e-02
7.317502e-02,-1.562500e-02
4.556703e-01,-1.171875e-02
2.327588e-01,-7.812500e-03
5.075612e-02,-3.906250e-03
4.331915e-02,0.000000e+00
2.076926e-01,3.906250e-03
-1.415926e-02,7.812500e-03
3.069022e-01,1.171875e-02
7.700165e-01,1.562500e-02
-3.582074e-01,1.562500e-02
-4.526613e-01,1.562500e-02
-2.017271e-01,1.562500e-02
7.574089e-01,1.953125e-02
-9.114873e-01,1.953125e-02
8.685119e-01,1.953125e-02
2.736988e-01,1.953125e-02
-8.800208e-03,1.953125e-02
-1.289194e-01,1.953125e-02
1.031577e+00,1.953125e-02
7.920492e-01,1.562500e-02
-5.752520e-01,1.562500e-02
-2.054104e-01,1.562500e-02
-1.160073e-01,1.562500e-02
-3.245596e-01,1.562500e-02
1.006774e+00,1.562500e-02
-2.010215e-01,1.562500e-02
5.608019e-01,1.953125e-02
1.458441e+00,1.953125e-02
-7.476247e-01,1.953125e-02
3.951234e-01,1.953125e-02
-3.113727e-01,1.953125e-02
-2.769699e-01,2.343750e-02
4.604916e-01,2.734375e-02
-5.101529e-01,3.125000e-02
5.081024e-01,3.125000e-02
-4.226224e-01,3.125000e-02
7.212434e-01,3.515625e-02
-5.109384e-01,3.515625e-02
2.330631e-01,3.515625e-02
-3.995556e-01,3.515625e-02
5.445070e-01,3.515625e-02
-4.817634e-02,3.515625e-02
1.056247e-01,3.515625e-02
2.493725e-01,3.515625e-02
5.127272e-01,3.125000e-02
6.590021e-02,3.125000e-02
-4.202287e-01,2.734375e-02
-1.213730e-01,2.343750e-02
-1.121727e+00,1.953125e-02
3.348906e-03,1.953125e-02
-8.515690e-01,1.562500e-02
-2.379649e-01,1.562500e-02
-1.994963e-01,1.562500e-02
1.309302e-01,1.171875e-02
9.767153e-02,7.812500e-03
-6.935015e-01,3.906250e-03
4.507914e-01,3.906250e-03
-4.906665e-01,-3.906250e-03
4.902847e-01,-7.812500e-03
-4.272892e-02,-1.171875e-02
2.822717e-01,-1.953125e-02
-5.839031e-01,-2.343750e-02
-6.380965e-01,-2.734375e-02
6.469084e-01,-3.515625e-02
6.840239e-01,-3.906250e-02
2.076375e-01,-4.296875e-02
8.350583e-01,-4.296875e-02
-1.338488e-01,-4.687500e-02
-5.094840e-01,-4.687500e-02
3.910911e-01,-4.687500e-02
8.846160e-02,-4.296875e-02
-3.858394e-03,-4.296875e-02
1.025769e+00,-3.906250e-02
2.842594e-01,-3.515625e-02
3.660071e-01,-2.734375e-02
-4.801852e-01,-2.343750e-02
9.847594e-02,-1.953125e-02
8.104465e-01,-7.812500e-03
4.879200e-01,-3.906250e-03
6.531098e-01,7.812500e-03
2.927161e-01,1.171875e-02
-7.288446e-01,1.562500e-02
3.902757e-01,2.343750e-02
-2.275900e-01,2.734375e-02
-3.341388e-02,3.125000e-02
-8.588252e-02,3.515625e-02
2.703651e-01,3.906250e-02
-2.273900e-01,4.296875e-02
5.095101e-01,4.687500e-02
-1.014234e-01,4.687500e-02
-4.953331e-01,4.687500e-02
-3.713321e-01,4.687500e-02
4.321130e-01,4.687500e-02
6.578430e-01,4.687500e-02
1.112345e-01,4.296875e-02
-5.685031e-02,3.906250e-02
1.954832e-01,3.515625e-02
3.110025e-01,3.125000e-02
-1.033641e+00,2.734375e-02
-3.758713e-01,2.343750e-02
-4.388576e-01,1.953125e-02
-3.668461e-01,1.562500e-02
7.046015e-02,1.562500e-02
-7.651105e-01,1.171875e-02
-3.831743e-01,7.812500e-03
6.680859e-01,3.906250e-03
9.972090e-02,3.906250e-03
-4.481401e-01,0.000000e+00
1.476621e-01,-3.906250e-03
8.337543e-01,-7.812500e-03
-1.075096e+00,-1.171875e-02
2.081741e-01,-1.562500e-02
1.150337e-01,-1.953125e-02
7.837084e-01,-2.343750e-02
2.842238e-01,-2.734375e-02
5.533637e-01,-3.125000e-02
3.765983e-01,-3.125000e-02
2.896536e-01,-3.125000e-02
-3.859979e-01,-3.125000e-02
3.445252e-01,-3.125000e-02
1.233607e-01,-3.125000e-02
-6.411120e-03,-3.125000e-02
1.210556e+00,-2.343750e-02
2.333644e-01,-1.953125e-02
-1.870073e-01,-1.562500e-02
4.744348e-01,-7.812500e-03
1.784753e-01,-3.906250e-03
-3.321381e-01,7.812500e-03
-2.923000e-01,1.171875e-02
3.275717e-02,2.343750e-02
1.551528e-01,2.734375e-02
5.061865e-01,3.125000e-02
1.125622e-01,3.906250e-02
4.026786e-01,4.296875e-02
-6.268506e-03,4.687500e-02
5.088644e-01,4.687500e-02
2.357992e-01,4.687500e-02
-2.624022e-01,4.687500e-02
2.850904e-01,4.687500e-02
-9.749011e-02,4.687500e-02
1.061859e-01,4.296875e-02
4.639226e-01,3.906250e-02
6.181483e-02,3.515625e-02
3.482828e-01,3.515625e-02
4.883565e-01,3.515625e-02
-5.057676e-01,3.125000e-02
4.833249e-01,3.125000e-02
1.674875e-01,3.125000e-02
-7.691534e-01,3.125000e-02
-1.133339e+00,3.125000e-02
8.251912e-01,3.125000e-02
6.042436e-01,3.125000e-02
9.483933e-01,3.125000e-02
9.990903e-02,3.125000e-02
-2.213635e-01,3.125000e-02
-4.546248e-01,3.125000e-02
4.011999e-01,3.125000e-02
8.987887e-02,3.125000e-02
-5.922047e-02,3.125000e-02
-2.669169e-01,3.125000e-02
-1.047042e-01,2.734375e-02
2.710409e-01,2.343750e-02
2.664552e-01,1.953125e-02
3.888051e-01,1.953125e-02
2.686064e-01,1.953125e-02
-1.098608e+00,1.953125e-02
4.514164e-01,1.953125e-02
-4.059495e-01,1.562500e-02
-9.348403e-01,1.562500e-02
5.059517e-01,1.562500e-02
-3.570067e-01,1.562500e-02
-6.181204e-01,1.562500e-02
1.825185e-01,1.171875e-02
-2.156608e-01,7.812500e-03
-1.364793e-01,3.906250e-03
-2.261093e-02,3.906250e-03
6.201784e-01,0.000000e+00
6.453889e-01,-3.906250e-03
9.337733e-01,-7.812500e-03
2.842558e-01,-1.171875e-02
-3.627470e-01,-1.562500e-02
2.585501e-01,-1.953125e-02
-6.727578e-01,-2.343750e-02
3.735232e-01,-2.734375e-02
8.997166e-02,-2.734375e-02
6.535385e-01,-2.734375e-02
-1.153013e-03,-2.343750e-02
-3.462136e-01,-1.953125e-02
2.123495e-01,-1.562500e-02
4.210651e-02,-1.171875e-02
-1.897641e-01,-7.812500e-03
4.517817e-02,-3.906250e-03
-1.308067e-01,3.906250e-03
6.663595e-01,7.812500e-03
1.840918e-01,1.171875e-02
-8.102716e-02,1.562500e-02
7.084191e-01,1.953125e-02
-5.346984e-02,1.953125e-02
3.284125e-01,1.953125e-02
-6.655828e-02,1.953125e-02
-3.878449e-01,1.953125e-02
-1.068397e+00,1.953125e-02
6.325635e-02,1.953125e-02
7.631649e-02,1.953125e-02
4.783301e-01,1.953125e-02
1.928059e-02,1.953125e-02
-9.455099e-02,1.953125e-02
-3.745681e-02,1.562500e-02
4.026861e-01,1.562500e-02
1.152973e-01,1.171875e-02
-4.294046e-01,7.812500e-03
-5.556727e-01,3.906250e-03
-1.116385e-01,3.906250e-03
1.384930e-01,0.000000e+00
-7.398099e-02,0.000000e+00
1.499242e-01,0.000000e+00
5.536739e-01,-3.906250e-03
-7.611539e-02,-7.812500e-03
4.214419e-01,-1.171875e-02
2.976489e-01,-1.171875e-02
-5.799887e-01,-1.171875e-02
-5.402348e-01,-1.171875e-02
-5.465781e-01,-1.171875e-02
3.695406e-01,-1.171875e-02
7.735763e-01,-1.171875e-02
4.959943e-01,-1.171875e-02
-1.327628e-01,-1.171875e-02
2.569535e-01,-1.171875e-02
-1.092229e-01,-1.171875e-02
8.150065e-01,-1.171875e-02
6.714763e-01,-1.171875e-02
1.797723e-01,-7.812500e-03
-7.884646e-02,-3.906250e-03
6.924115e-02,0.000000e+00
-2.830187e-01,0.000000e+00
-5.249761e-02,0.000000e+00
-7.321378e-01,3.906250e-03
-2.757735e-02,7.812500e-03
4.286757e-01,1.171875e-02
1.569525e-01,1.562500e-02
-6.681456e-01,1.953125e-02
2.522832e-03,1.953125e-02
3.937349e-01,1.953125e-02
7.022170e-01,1.953125e-02
-2.425337e-02,1.953125e-02
1.954006e-02,1.953125e-02
3.373711e-01,1.953125e-02
5.892091e-01,1.953125e-02
-6.728923e-01,1.562500e-02
-1.236195e-01,1.562500e-02
-5.938946e-01,1.171875e-02
-7.373223e-02,7.812500e-03
-3.101991e-01,3.906250e-03
-5.836070e-01,3.906250e-03
5.978373e-02,3.906250e-03
-9.182364e-01,3.906250e-03
1.076087e-01,3.906250e-03
4.329832e-01,0.000000e+00
-7.499505e-01,0.000000e+00
-1.521664e-01,0.000000e+00
-2.561376e-01,-3.906250e-03
-5.434764e-01,-7.812500e-03
-8.938496e-02,-1.171875e-02
6.182462e-01,-1.953125e-02
-3.610012e-01,-2.343750e-02
8.086498e-01,-2.734375e-02
-4.978622e-01,-3.125000e-02
4.550368e-01,-3.515625e-02
3.312756e-01,-3.906250e-02
6.820274e-01,-4.687500e-02
-5.525576e-01,-4.687500e-02
-1.326084e-02,-4.687500e-02
-6.772991e-01,-4.687500e-02
-1.056994e+00,-4.687500e-02
-6.876948e-02,-4.687500e-02
9.779015e-01,-4.687500e-02
9.747850e-01,-4.296875e-02
1.806973e+00,-3.906250e-02
1.818221e+00,-3.515625e-02
1.001054e+00,-3.125000e-02
2.175784e-02,-2.734375e-02
8.715102e-01,-2.343750e-02
1.591996e-01,-1.953125e-02
1.346205e+00,-7.812500e-03
1.139457e+00,-3.906250e-03
-2.800772e-01,7.812500e-03
1.308050e+00,1.562500e-02
8.815306e-01,3.125000e-02
1.505667e+00,4.296875e-02
1.247887e+00,5.468750e-02
1.803950e+00,6.640625e-02
8.860485e-01,8.203125e-02
7.480929e-01,9.765625e-02
6.272124e-01,1.132812e-01
3.087505e-01,1.289062e-01
1.415313e+00,1.406250e-01
1.187784e+00,1.562500e-01
1.357778e+00,1.718750e-01
9.670043e-01,1.835938e-01
1.095472e+00,1.953125e-01
1.715314e+00,2.031250e-01
2.918543e-01,2.148438e-01
1.454436e+00,2.265625e-01
1.346642e+00,2.304688e-01
2.068061e+00,2.343750e-01
1.999817e+00,2.421875e-01
1.624881e+00,2.460938e-01
1.926402e+00,2.500000e-01
6.814498e-01,2.578125e-01
1.357782e+00,2.617188e-01
1.308338e+00,2.656250e-01
1.002734e+00,2.734375e-01
1.222776e+00,2.773438e-01
8.709307e-01,2.890625e-01
5.547170e-01,2.929688e-01
1.195112e+00,3.046875e-01
7.201521e-01,3.085938e-01
1.768841e+00,3.203125e-01
1.240234e+00,3.242188e-01
9.310785e-01,3.359375e-01
1.332556e+00,3.398438e-01
1.441293e+00,3.437500e-01
5.212529e-01,3.476562e-01
1.050408e+00,3.476562e-01
8.918202e-01,3.476562e-01
1.579819e+00,3.476562e-01
9.285894e-01,3.437500e-01
1.016133e+00,3.437500e-01
7.791105e-01,3.398438e-01
1.190605e+00,3.359375e-01
8.825386e-01,3.281250e-01
1.723263e+00,3.242188e-01
2.096423e+00,3.203125e-01
1.320441e+00,3.164062e-01
1.552030e+00,3.125000e-01
1.685711e+00,3.085938e-01
8.325222e-01,3.046875e-01
1.125664e+00,3.007812e-01
9.410483e-01,3.007812e-01
5.722649e-01,3.046875e-01
1.094083e+00,3.085938e-01
9.399774e-01,3.125000e-01
3.778857e-01,3.164062e-01
1.403320e+00,3.203125e-01
4.212684e-01,3.242188e-01
5.590897e-01,3.281250e-01
1.297775e+00,3.320312e-01
3.457885e-01,3.320312e-01
1.424283e+00,3.320312e-01
8.538515e-01,3.320312e-01
1.858634e+00,3.320312e-01
1.346901e+00,3.281250e-01
5.410560e-01,3.242188e-01
1.244281e+00,3.203125e-01
9.815928e-01,3.085938e-01
1.160285e+00,3.046875e-01
8.394470e-01,3.007812e-01
8.232030e-01,2.929688e-01
1.235947e+00,2.890625e-01
9.982201e-01,2.851562e-01
5.916373e-01,2.812500e-01
4.547923e-01,2.773438e-01
8.007036e-01,2.734375e-01
1.073181e+00,2.695312e-01
3.762305e-01,2.695312e-01
1.109168e+00,2.695312e-01
5.659577e-01,2.695312e-01
7.966732e-01,2.695312e-01
1.427395e+00,2.695312e-01
9.084407e-01,2.695312e-01
-2.772157e-01,2.695312e-01
7.017653e-01,2.695312e-01
1.336352e+00,2.695312e-01
9.008443e-01,2.656250e-01
9.998544e-02,2.656250e-01
1.243530e+00,2.617188e-01
9.925842e-01,2.578125e-01
1.455342e+00,2.539062e-01
8.265388e-01,2.460938e-01
1.410775e+00,2.421875e-01
8.541793e-01,2.382812e-01
8.484198e-01,2.343750e-01
1.109408e+00,2.343750e-01
1.014951e+00,2.304688e-01
1.089135e+00,2.265625e-01
4.204245e-01,2.226562e-01
1.613354e+00,2.265625e-01
1.752875e+00,2.304688e-01
1.052348e+00,2.343750e-01
9.038199e-01,2.343750e-01
1.766257e+00,2.382812e-01
1.518009e+00,2.421875e-01
4.996212e-01,2.460938e-01
9.051097e-01,2.539062e-01
1.203569e+00,2.578125e-01
1.476731e+00,2.617188e-01
2.352785e-01,2.734375e-01
3.327408e-01,2.773438e-01
5.663071e-01,2.812500e-01
1.179224e+00,2.890625e-01
8.587201e-01,2.929688e-01
4.242860e-01,2.968750e-01
1.504151e+00,3.007812e-01
1.466736e+00,3.007812e-01
8.422692e-01,3.007812e-01
1.584077e+00,3.007812e-01
1.111701e+00,2.968750e-01
1.061263e+00,2.929688e-01
6.998405e-01,2.890625e-01
1.291882e+00,2.851562e-01
9.635571e-01,2.812500e-01
5.398829e-01,2.773438e-01
1.211695e+00,2.734375e-01
1.641143e+00,2.695312e-01
7.494523e-01,2.695312e-01
1.142725e+00,2.656250e-01
3.527281e-01,2.656250e-01
1.468378e+00,2.656250e-01
8.160067e-01,2.695312e-01
1.288664e+00,2.695312e-01
1.042755e+00,2.695312e-01
1.707074e+00,2.734375e-01
1.060042e+00,2.773438e-01
5.481142e-01,2.812500e-01
3.715521e-01,2.812500e-01
1.105061e+00,2.851562e-01
8.312818e-01,2.851562e-01
1.940867e+00,2.851562e-01
5.506935e-01,2.890625e-01
1.651797e+00,2.929688e-01
7.559342e-01,2.968750e-01
1.033836e+00,2.968750e-01
1.748989e+00,2.929688e-01
1.369202e+00,2.890625e-01
1.082844e+00,2.851562e-01
3.552382e-01,2.851562e-01
6.203371e-01,2.851562e-01
1.305625e+00,2.851562e-01
8.015236e-01,2.851562e-01
2.750515e-01,2.851562e-01
1.199552e+00,2.851562e-01
7.154914e-01,2.851562e-01
1.164473e+00,2.890625e-01
1.213720e+00,2.929688e-01
1.884386e+00,2.929688e-01
1.431381e+00,2.890625e-01
9.527166e-01,2.851562e-01
1.143498e+00,2.851562e-01
1.136945e+00,2.851562e-01
2.171840e-01,2.851562e-01
9.115622e-01,2.812500e-01
6.745256e-01,2.812500e-01
9.073218e-01,2.812500e-01
1.070337e+00,2.812500e-01
9.416221e-01,2.812500e-01
1.325519e+00,2.812500e-01
1.440231e+00,2.851562e-01
1.056689e+00,2.851562e-01
1.213120e+00,2.851562e-01
1.798113e+00,2.851562e-01
1.094790e+00,2.851562e-01
2.024728e+00,2.851562e-01
1.339288e+00,2.851562e-01
1.870926e+00,2.851562e-01
6.225958e-01,2.851562e-01
1.095804e+00,2.851562e-01
1.642158e+00,2.851562e-01
1.720395e+00,2.890625e-01
5.279128e-01,2.929688e-01
4.806217e-01,3.007812e-01
1.500525e+00,3.046875e-01
1.129164e+00,3.085938e-01
1.397799e+00,3.203125e-01
1.181802e+00,3.242188e-01
4.411181e-01,3.281250e-01
1.118980e+00,3.359375e-01
1.160683e+00,3.398438e-01
1.613836e+00,3.437500e-01
1.808874e+00,3.437500e-01
1.439563e+00,3.476562e-01
8.427026e-01,3.476562e-01
6.338670e-01,3.437500e-01
1.328555e+00,3.437500e-01
7.826112e-01,3.437500e-01
2.959748e-01,3.398438e-01
1.051440e+00,3.359375e-01
1.022476e+00,3.320312e-01
1.164870e+00,3.320312e-01
1.647572e+00,3.281250e-01
1.115173e+00,3.242188e-01
5.300404e-01,3.203125e-01
1.435024e+00,3.164062e-01
2.619721e-01,3.164062e-01
8.498173e-01,3.125000e-01
1.312363e+00,3.125000e-01
-8.754562e-02,3.085938e-01
1.208097e+00,3.046875e-01
1.426659e+00,3.007812e-01
1.453023e+00,3.007812e-01
1.331607e+00,2.968750e-01
7.839076e-02,2.968750e-01
9.723801e-01,2.929688e-01
4.169670e-01,2.890625e-01
1.647291e+00,2.851562e-01
1.006565e+00,2.851562e-01
1.810423e+00,2.812500e-01
8.165898e-01,2.812500e-01
6.174487e-01,2.773438e-01
1.288825e+00,2.734375e-01
5.777883e-01,2.695312e-01
6.033208e-01,2.695312e-01
6.821627e-01,2.695312e-01
1.090268e+00,2.695312e-01
8.897515e-01,2.695312e-01
1.519407e+00,2.695312e-01
1.579429e+00,2.695312e-01
9.825418e-01,2.695312e-01
1.275249e+00,2.695312e-01
1.287177e+00,2.695312e-01
5.041166e-01,2.695312e-01
1.168738e+00,2.695312e-01
9.454802e-01,2.695312e-01
1.618113e+00,2.695312e-01
3.190969e-01,2.695312e-01
1.282919e+00,2.734375e-01
6.126341e-01,2.773438e-01
1.803971e+00,2.812500e-01
1.288245e+00,2.812500e-01
2.355163e-01,2.812500e-01
1.571323e+00,2.812500e-01
8.549838e-01,2.851562e-01
8.267235e-01,2.851562e-01
1.605738e+00,2.851562e-01
9.886799e-01,2.851562e-01
1.468017e+00,2.851562e-01
1.328940e+00,2.890625e-01
4.755130e-01,2.929688e-01
1.148429e+00,2.968750e-01
6.081762e-01,2.968750e-01
3.861171e-01,2.968750e-01
2.343580e+00,2.968750e-01
7.517046e-01,2.968750e-01
4.295419e-01,2.968750e-01
2.026165e+00,2.968750e-01
2.505590e-01,2.968750e-01
1.036106e+00,2.968750e-01
1.294660e+00,2.968750e-01
1.123521e+00,2.968750e-01
5.345638e-01,2.968750e-01
9.566407e-02,2.968750e-01
1.438969e+00,2.968750e-01
6.294141e-01,2.968750e-01
1.053391e+00,2.929688e-01
1.246042e+00,2.890625e-01
1.686983e+00,2.851562e-01
1.353968e+00,2.851562e-01
6.212822e-01,2.851562e-01
1.073581e+00,2.812500e-01
7.882584e-01,2.812500e-01
1.324894e+00,2.812500e-01
6.854952e-01,2.773438e-01
9.304307e-01,2.734375e-01
1.574559e+00,2.695312e-01
1.377198e+00,2.695312e-01
1.154687e+00,2.695312e-01
1.643029e+00,2.695312e-01
4.280227e-01,2.695312e-01
1.352528e+00,2.734375e-01
-1.417775e-01,2.773438e-01
3.202224e-01,2.812500e-01
1.444383e+00,2.812500e-01
1.529052e+00,2.851562e-01
1.406111e+00,2.851562e-01
1.589596e+00,2.851562e-01
6.423821e-01,2.890625e-01
1.163406e+00,2.929688e-01
9.797383e-01,2.968750e-01
9.514739e-01,2.968750e-01
5.749485e-01,2.968750e-01
9.914210e-01,2.968750e-01
1.280339e+00,2.968750e-01
1.392208e+00,2.968750e-01
1.234113e+00,2.929688e-01
1.153518e+00,2.890625e-01
4.189597e-01,2.851562e-01
9.073392e-01,2.851562e-01
1.155114e+00,2.851562e-01
4.008223e-01,2.851562e-01
1.487943e+00,2.851562e-01
2.887002e-01,2.851562e-01
1.376996e+00,2.851562e-01
8.773552e-01,2.851562e-01
4.122378e-01,2.851562e-01
1.430512e+00,2.851562e-01
1.573021e-01,2.851562e-01
1.411764e+00,2.851562e-01
7.760230e-01,2.812500e-01
4.527332e-01,2.812500e-01
1.174863e+00,2.812500e-01
7.643683e-01,2.773438e-01
7.665542e-01,2.734375e-01
1.213086e+00,2.695312e-01
6.168828e-01,2.656250e-01
2.949710e-01,2.656250e-01
1.294080e+00,2.617188e-01
2.804634e-01,2.578125e-01
4.839107e-01,2.539062e-01
1.216045e+00,2.500000e-01
1.254796e+00,2.500000e-01
1.545156e+00,2.460938e-01
1.497874e+00,2.421875e-01
5.885474e-01,2.382812e-01
7.268392e-01,2.382812e-01
4.205406e-01,2.382812e-01
-1.983086e-01,2.343750e-01
1.328841e+00,2.343750e-01
1.744950e-01,2.343750e-01
8.598009e-01,2.343750e-01
6.054691e-01,2.343750e-01
1.519330e+00,2.382812e-01
8.433487e-01,2.382812e-01
1.280699e+00,2.382812e-01
9.265661e-01,2.382812e-01
1.321543e+00,2.382812e-01
1.160608e+00,2.343750e-01
1.178619e+00,2.343750e-01
6.843195e-02,2.343750e-01
1.006915e+00,2.343750e-01
1.056471e+00,2.343750e-01
1.084001e+00,2.343750e-01
1.081928e+00,2.343750e-01
2.474909e-01,2.343750e-01
1.594340e+00,2.343750e-01
4.232210e-01,2.343750e-01
1.267347e+00,2.382812e-01
9.431091e-01,2.382812e-01
8.718747e-01,2.421875e-01
-4.128128e-02,2.460938e-01
2.938565e-01,2.500000e-01
1.123964e+00,2.500000e-01
7.547200e-01,2.500000e-01
-1.334605e-01,2.539062e-01
1.457163e+00,2.539062e-01
9.729439e-01,2.539062e-01
4.353960e-01,2.539062e-01
1.661896e+00,2.500000e-01
5.509500e-01,2.500000e-01
1.447222e+00,2.460938e-01
5.397017e-01,2.421875e-01
1.209702e+00,2.382812e-01
8.280713e-01,2.343750e-01
8.540644e-01,2.304688e-01
1.090454e+00,2.265625e-01
7.461143e-01,2.226562e-01
1.898106e+00,2.226562e-01
1.129964e+00,2.187500e-01
1.042352e+00,2.187500e-01
1.222993e+00,2.187500e-01
8.946660e-01,2.226562e-01
1.758714e+00,2.265625e-01
1.172617e+00,2.304688e-01
1.885670e+00,2.343750e-01
1.205794e+00,2.421875e-01
5.598513e-01,2.460938e-01
1.091081e+00,2.500000e-01
1.207155e+00,2.578125e-01
6.865527e-01,2.617188e-01
2.534461e+00,2.734375e-01
9.250460e-01,2.773438e-01
7.961290e-01,2.890625e-01
1.718368e+00,2.929688e-01
4.917684e-01,3.046875e-01
7.927631e-01,3.085938e-01
1.190557e+00,3.125000e-01
1.618784e+00,3.164062e-01
1.118476e+00,3.203125e-01
1.488664e+00,3.242188e-01
7.577956e-03,3.281250e-01
1.249964e+00,3.281250e-01
8.117178e-01,3.281250e-01
1.119747e+00,3.281250e-01
1.223821e-01,3.281250e-01
1.452591e+00,3.281250e-01
1.231406e+00,3.242188e-01
3.401687e-01,3.203125e-01
1.869391e+00,3.164062e-01
6.328153e-01,3.164062e-01
9.187009e-01,3.085938e-01
1.430865e+00,3.046875e-01
1.392073e+00,3.007812e-01
1.087929e+00,2.968750e-01
1.245351e+00,2.929688e-01
9.287626e-01,2.890625e-01
4.333550e-01,2.851562e-01
7.429587e-01,2.851562e-01
4.480673e-01,2.812500e-01
1.727178e+00,2.812500e-01
1.081019e+00,2.812500e-01
1.918500e+00,2.812500e-01
1.183567e+00,2.812500e-01
1.172644e+00,2.812500e-01
1.417998e+00,2.851562e-01
1.495755e+00,2.851562e-01
6.875206e-01,2.851562e-01
1.008346e+00,2.851562e-01
5.575914e-01,2.851562e-01
8.198802e-01,2.890625e-01
1.139038e+00,2.929688e-01
1.627197e+00,2.968750e-01
1.116603e+00,2.968750e-01
1.011784e+00,3.007812e-01
1.469876e+00,3.007812e-01
1.374334e+00,3.046875e-01
7.262705e-01,3.085938e-01
7.448254e-01,3.125000e-01
1.077203e+00,3.125000e-01
1.233660e+00,3.125000e-01
9.279174e-01,3.125000e-01
1.365021e+00,3.125000e-01
1.060674e+00,3.125000e-01
1.108383e+00,3.125000e-01
1.178458e+00,3.125000e-01
1.166347e+00,3.125000e-01
6.920127e-01,3.085938e-01
1.898819e+00,3.046875e-01
1.945227e+00,3.007812e-01
1.139965e+00,3.007812e-01
9.157293e-01,3.007812e-01
7.988912e-01,3.007812e-01
7.296983e-01,3.007812e-01
9.887552e-01,3.007812e-01
1.331278e+00,3.046875e-01
1.067994e+00,3.085938e-01
1.132101e+00,3.125000e-01
1.773044e+00,3.125000e-01
5.066569e-01,3.125000e-01
2.139805e+00,3.164062e-01
7.871977e-01,3.164062e-01
1.238572e+00,3.164062e-01
1.664170e+00,3.164062e-01
6.227960e-01,3.164062e-01
6.996011e-01,3.164062e-01
8.301591e-01,3.164062e-01
7.178200e-01,3.164062e-01
1.571161e-01,3.203125e-01
5.387519e-01,3.242188e-01
1.236908e+00,3.281250e-01
1.529066e+00,3.242188e-01
1.122212e+00,3.203125e-01
6.437258e-01,3.164062e-01
1.037190e+00,3.164062e-01
1.442942e+00,3.125000e-01
1.036807e+00,3.085938e-01
1.264098e+00,3.046875e-01
9.881754e-01,3.007812e-01
1.196938e+00,2.929688e-01
1.916413e+00,2.890625e-01
9.529363e-01,2.851562e-01
1.063994e+00,2.812500e-01
8.454644e-01,2.812500e-01
2.943435e-01,2.812500e-01
1.500376e+00,2.812500e-01
9.353636e-01,2.812500e-01
7.039564e-01,2.812500e-01
-4.134203e-01,2.812500e-01
1.071345e+00,2.812500e-01
1.408554e+00,2.851562e-01
5.090708e-01,2.851562e-01
8.554568e-01,2.890625e-01
1.815186e+00,2.929688e-01
1.651332e+00,2.968750e-01
6.889820e-01,2.929688e-01
1.607071e+00,2.890625e-01
1.156946e+00,2.851562e-01
1.067468e+00,2.851562e-01
5.558806e-01,2.812500e-01
1.669360e+00,2.812500e-01
9.702739e-01,2.773438e-01
1.476447e+00,2.734375e-01
7.075405e-01,2.695312e-01
1.496211e+00,2.695312e-01
2.034011e+00,2.695312e-01
2.789117e-01,2.734375e-01
9.973947e-02,2.773438e-01
1.082579e+00,2.812500e-01
1.312005e-01,2.812500e-01
1.392839e+00,2.851562e-01
1.184164e+00,2.890625e-01
1.261651e+00,2.929688e-01
1.554138e+00,2.968750e-01
6.488509e-01,3.007812e-01
6.126617e-01,3.007812e-01
1.018195e+00,3.007812e-01
7.318949e-01,3.007812e-01
1.007880e+00,3.007812e-01
1.274737e+00,2.968750e-01
1.386193e+00,2.968750e-01
4.104205e-01,2.929688e-01
7.347933e-01,2.890625e-01
5.580522e-01,2.851562e-01
9.804911e-01,2.851562e-01
4.581169e-01,2.812500e-01
1.481563e-01,2.773438e-01
6.201336e-01,2.734375e-01
7.511345e-01,2.695312e-01
4.528497e-01,2.695312e-01
1.352896e+00,2.656250e-01
2.275708e-01,2.617188e-01
1.956978e+00,2.578125e-01
7.751292e-01,2.539062e-01
1.729027e+00,2.500000e-01
1.123860e+00,2.460938e-01
8.379106e-01,2.421875e-01
1.139481e+00,2.382812e-01
6.949545e-01,2.343750e-01
1.737859e+00,2.304688e-01
2.833882e-02,2.265625e-01
1.217136e+00,2.226562e-01
2.099938e+00,2.265625e-01
1.077508e+00,2.304688e-01
1.749412e+00,2.343750e-01
8.400499e-01,2.343750e-01
1.370323e+00,2.421875e-01
7.132131e-01,2.460938e-01
1.888835e-01,2.500000e-01
9.769791e-01,2.578125e-01
1.331153e+00,2.617188e-01
1.623244e+00,2.734375e-01
8.198398e-01,2.773438e-01
5.767088e-01,2.851562e-01
6.882736e-01,2.890625e-01
7.373745e-01,2.929688e-01
5.028441e-01,2.968750e-01
2.496778e+00,3.007812e-01
1.952351e+00,3.007812e-01
1.187511e+00,3.007812e-01
4.213779e-01,3.007812e-01
6.943363e-01,3.007812e-01
1.286360e+00,2.968750e-01
1.567760e+00,2.968750e-01
8.580068e-01,2.968750e-01
8.299230e-01,2.929688e-01
1.618150e+00,2.890625e-01
1.535329e+00,2.851562e-01
3.496647e-01,2.851562e-01
6.119952e-01,2.851562e-01
1.056449e+00,2.851562e-01
1.529990e+00,2.851562e-01
9.404927e-01,2.890625e-01
1.234881e+00,2.929688e-01
6.438095e-01,2.968750e-01
3.000661e-01,2.968750e-01
4.772477e-01,2.968750e-01
7.847594e-01,3.007812e-01
1.150680e+00,3.007812e-01
1.158130e+00,3.007812e-01
3.831663e-01,3.007812e-01
1.355683e+00,3.007812e-01
1.371626e+00,2.968750e-01
2.020563e-01,2.929688e-01
1.635194e+00,2.890625e-01
-2.162485e-01,2.851562e-01
1.101983e+00,2.812500e-01
4.989768e-01,2.773438e-01
1.389196e+00,2.734375e-01
1.567789e+00,2.656250e-01
1.875931e+00,2.617188e-01
1.443180e+00,2.578125e-01
9.181636e-01,2.539062e-01
7.966512e-01,2.500000e-01
1.202623e+00,2.500000e-01
7.149021e-01,2.500000e-01
5.115348e-01,2.500000e-01
1.014712e+00,2.500000e-01
9.833847e-01,2.500000e-01
1.089518e+00,2.539062e-01
1.116917e+00,2.578125e-01
6.513867e-01,2.617188e-01
1.222979e+00,2.656250e-01
6.021311e-01,2.734375e-01
9.539941e-01,2.773438e-01
1.275533e+00,2.812500e-01
8.074691e-01,2.812500e-01
1.329209e+00,2.812500e-01
7.281324e-01,2.851562e-01
6.032316e-01,2.851562e-01
8.979082e-01,2.851562e-01
4.951642e-01,2.812500e-01
4.977312e-01,2.812500e-01
7.654765e-01,2.812500e-01
2.135931e+00,2.773438e-01
1.006806e+00,2.734375e-01
7.177780e-01,2.695312e-01
8.051084e-01,2.656250e-01
5.399542e-01,2.656250e-01
1.299829e+00,2.617188e-01
5.386770e-01,2.578125e-01
1.688747e+00,2.539062e-01
2.595324e+00,2.539062e-01
1.563912e+00,2.500000e-01
1.260772e+00,2.500000e-01
7.110360e-01,2.500000e-01
7.915351e-01,2.500000e-01
3.937582e-01,2.500000e-01
2.168019e+00,2.539062e-01
1.592402e+00,2.578125e-01
8.774727e-01,2.617188e-01
8.151413e-01,2.695312e-01
2.412968e+00,2.734375e-01
1.187449e+00,2.773438e-01
9.360797e-01,2.890625e-01
1.830986e+00,2.929688e-01
9.005965e-01,3.046875e-01
1.664074e+00,3.085938e-01
7.456245e-01,3.125000e-01
1.226394e+00,3.203125e-01
9.178855e-01,3.242188e-01
1.449895e+00,3.320312e-01
8.725092e-01,3.359375e-01
1.449135e+00,3.398438e-01
9.142603e-01,3.437500e-01
1.895854e+00,3.437500e-01
1.765985e+00,3.476562e-01
1.180180e+00,3.476562e-01
1.229826e+00,3.476562e-01
5.333105e-01,3.476562e-01
6.098868e-01,3.476562e-01
1.256357e+00,3.476562e-01
5.112370e-01,3.476562e-01
1.295001e+00,3.437500e-01
2.221358e+00,3.437500e-01
1.980963e-01,3.437500e-01
7.716808e-01,3.437500e-01
7.977127e-01,3.437500e-01
8.786288e-01,3.398438e-01
1.426250e+00,3.359375e-01
1.303223e+00,3.320312e-01
7.002975e-01,3.320312e-01
4.386597e-01,3.281250e-01
3.192363e-01,3.242188e-01
1.215546e+00,3.203125e-01
5.123047e-01,3.164062e-01
1.171756e+00,3.125000e-01
5.818327e-01,3.085938e-01
1.443348e+00,3.046875e-01
8.641850e-01,2.968750e-01
1.075366e+00,2.929688e-01
6.157661e-01,2.890625e-01
1.473436e+00,2.851562e-01
1.772769e+00,2.773438e-01
1.121320e+00,2.734375e-01
7.614591e-01,2.695312e-01
7.601752e-01,2.656250e-01
2.834689e-01,2.656250e-01
1.259878e+00,2.617188e-01
1.746455e+00,2.578125e-01
1.153660e-01,2.578125e-01
1.875010e+00,2.617188e-01
1.425581e+00,2.656250e-01
9.466844e-01,2.656250e-01
1.378343e+00,2.656250e-01
1.483278e+00,2.656250e-01
1.090370e+00,2.695312e-01
1.282133e+00,2.734375e-01
1.369182e+00,2.773438e-01
5.633805e-01,2.812500e-01
1.648258e+00,2.812500e-01
4.816194e-01,2.851562e-01
1.970380e+00,2.890625e-01
1.666290e+00,2.929688e-01
8.205978e-01,2.968750e-01
1.070595e+00,3.007812e-01
8.967534e-01,3.046875e-01
8.170830e-01,3.085938e-01
1.038606e+00,3.125000e-01
1.564831e+00,3.164062e-01
1.713290e+00,3.164062e-01
1.524297e+00,3.203125e-01
5.222474e-01,3.242188e-01
1.555381e+00,3.281250e-01
1.323522e+00,3.281250e-01
1.344600e+00,3.281250e-01
1.412219e+00,3.281250e-01
2.480123e-01,3.281250e-01
1.226317e+00,3.281250e-01
1.219093e+00,3.281250e-01
1.333711e+00,3.281250e-01
6.395858e-02,3.281250e-01
1.403667e+00,3.281250e-01
1.503455e+00,3.281250e-01
1.215060e+00,3.281250e-01
7.462018e-01,3.281250e-01
6.537569e-01,3.281250e-01
1.355068e+00,3.281250e-01
4.737441e-01,3.281250e-01
9.243222e-01,3.281250e-01
4.835888e-02,3.242188e-01
6.459824e-01,3.203125e-01
1.391804e+00,3.164062e-01
1.283645e+00,3.164062e-01
-1.524034e-01,3.125000e-01
5.043058e-01,3.085938e-01
4.490632e-01,3.046875e-01
8.574310e-01,2.968750e-01
9.264196e-01,2.929688e-01
1.500725e-01,2.890625e-01
1.298740e+00,2.773438e-01
1.048033e+00,2.734375e-01
1.791533e+00,2.617188e-01
1.427452e+00,2.578125e-01
1.257839e+00,2.460938e-01
2.015845e+00,2.421875e-01
1.168712e+00,2.382812e-01
1.354095e+00,2.304688e-01
1.039902e+00,2.265625e-01
6.444552e-01,2.226562e-01
7.680791e-01,2.226562e-01
1.951891e-01,2.265625e-01
7.415000e-01,2.304688e-01
6.311620e-01,2.421875e-01
1.568301e+00,2.460938e-01
1.390622e+00,2.578125e-01
1.409312e+00,2.617188e-01
1.072907e+00,2.734375e-01
1.758777e+00,2.773438e-01
1.080222e+00,2.812500e-01
1.480925e+00,2.851562e-01
6.323846e-01,2.890625e-01
1.784532e+00,2.929688e-01
9.228534e-01,2.968750e-01
9.025386e-01,2.968750e-01
1.443522e+00,2.968750e-01
-4.067032e-02,2.968750e-01
5.965278e-01,3.007812e-01
1.662635e+00,3.007812e-01
1.446856e+00,3.007812e-01
1.640998e+00,3.007812e-01
1.113648e+00,3.007812e-01
1.281227e+00,3.007812e-01
1.854924e+00,3.007812e-01
1.003983e+00,3.007812e-01
9.232714e-01,3.007812e-01
1.242773e+00,3.007812e-01
8.358868e-01,3.007812e-01
5.989726e-01,3.007812e-01
1.246135e+00,3.046875e-01
-1.576640e-02,3.085938e-01
1.659574e+00,3.125000e-01
2.034019e+00,3.125000e-01
1.092801e+00,3.125000e-01
1.952191e-01,3.164062e-01
1.160246e+00,3.164062e-01
1.160841e+00,3.164062e-01
1.002430e+00,3.164062e-01
1.919692e-01,3.164062e-01
9.120538e-01,3.164062e-01
1.468971e+00,3.164062e-01
1.102170e+00,3.125000e-01
-2.804723e-01,3.125000e-01
1.217156e+00,3.085938e-01
9.139171e-01,3.046875e-01
1.344189e+00,3.007812e-01
5.611005e-01,2.968750e-01
1.200770e+00,2.929688e-01
1.634963e+00,2.890625e-01
1.375638e+00,2.851562e-01
1.699387e+00,2.812500e-01
-2.755857e-01,2.773438e-01
2.178335e+00,2.734375e-01
1.662785e+00,2.695312e-01
1.464594e+00,2.656250e-01
1.127825e+00,2.656250e-01
1.342798e+00,2.656250e-01
9.761080e-01,2.656250e-01
1.331287e+00,2.695312e-01
1.425071e+00,2.734375e-01
5.727889e-02,2.773438e-01
1.148278e+00,2.812500e-01
1.151897e+00,2.890625e-01
1.060696e+00,2.929688e-01
9.007036e-01,3.046875e-01
1.210389e+00,3.085938e-01
7.395822e-01,3.125000e-01
1.342576e+00,3.203125e-01
4.548010e-01,3.242188e-01
1.551513e+00,3.281250e-01
2.006224e-01,3.281250e-01
1.330652e+00,3.281250e-01
9.839114e-01,3.281250e-01
-1.189329e-01,3.242188e-01
4.730988e-01,3.203125e-01
1.537301e+00,3.164062e-01
-3.139154e-01,3.085938e-01
1.142686e+00,3.046875e-01
4.909333e-01,3.007812e-01
1.624785e+00,2.929688e-01
1.369755e+00,2.890625e-01
2.040005e-01,2.773438e-01
1.586332e+00,2.734375e-01
1.199684e+00,2.617188e-01
1.873295e+00,2.578125e-01
2.693415e-01,2.500000e-01
1.234211e+00,2.460938e-01
1.072235e+00,2.421875e-01
1.189754e+00,2.382812e-01
1.445736e+00,2.382812e-01
1.240532e+00,2.382812e-01
8.367692e-01,2.382812e-01
1.010190e+00,2.421875e-01
1.935120e-02,2.460938e-01
7.335550e-01,2.500000e-01
1.393574e+00,2.578125e-01
3.982933e-01,2.617188e-01
8.204267e-01,2.656250e-01
1.554494e+00,2.734375e-01
1.365299e+00,2.773438e-01
1.103511e+00,2.812500e-01
1.569374e+00,2.851562e-01
5.990254e-01,2.851562e-01
2.346635e+00,2.851562e-01
1.010097e-01,2.851562e-01
1.355685e+00,2.851562e-01
1.227067e+00,2.851562e-01
7.191169e-01,2.812500e-01
6.371248e-01,2.812500e-01
5.590107e-01,2.812500e-01
7.695807e-01,2.812500e-01
5.172672e-01,2.812500e-01
8.896902e-01,2.812500e-01
5.703220e-01,2.812500e-01
1.011787e+00,2.812500e-01
2.135177e+00,2.812500e-01
2.354754e+00,2.812500e-01
9.851796e-02,2.812500e-01
9.333577e-01,2.812500e-01
1.539067e+00,2.812500e-01
1.247861e+00,2.773438e-01
7.909237e-01,2.734375e-01
5.474916e-01,2.695312e-01
9.932088e-01,2.695312e-01
5.913143e-01,2.695312e-01
1.329422e+00,2.695312e-01
5.492799e-01,2.695312e-01
2.690008e-01,2.734375e-01
9.352646e-01,2.773438e-01
9.520044e-01,2.812500e-01
1.419146e+00,2.812500e-01
2.264637e+00,2.812500e-01
2.040781e+00,2.812500e-01
5.042258e-01,2.812500e-01
1.699954e+00,2.812500e-01
1.074284e+00,2.812500e-01
7.845096e-01,2.812500e-01
1.347499e+00,2.812500e-01
1.135242e+00,2.812500e-01
1.145637e+00,2.812500e-01
1.744182e+00,2.812500e-01
1.139656e+00,2.812500e-01
1.777913e+00,2.851562e-01
6.677115e-01,2.890625e-01
7.725703e-01,2.929688e-01
1.186836e+00,2.968750e-01
1.037374e+00,3.046875e-01
9.980807e-01,3.085938e-01
8.793404e-01,3.125000e-01
9.646610e-01,3.203125e-01
1.465802e+00,3.242188e-01
1.966444e+00,3.281250e-01
8.767637e-01,3.281250e-01
1.030502e+00,3.320312e-01
5.474579e-01,3.320312e-01
5.998706e-01,3.320312e-01
1.516245e+00,3.320312e-01
9.949767e-01,3.281250e-01
1.432293e+00,3.281250e-01
1.163720e+00,3.281250e-01
6.461764e-01,3.242188e-01
1.221848e+00,3.203125e-01
6.704098e-01,3.164062e-01
1.089453e+00,3.164062e-01
1.461413e+00,3.125000e-01
1.368287e+00,3.125000e-01
1.264456e+00,3.085938e-01
1.472238e+00,3.046875e-01
1.036305e+00,3.007812e-01
6.762900e-01,3.007812e-01
1.052490e+00,3.007812e-01
1.277628e+00,3.007812e-01
1.375520e+00,3.007812e-01
1.244813e+00,3.007812e-01
1.681588e+00,3.007812e-01
1.301298e+00,3.007812e-01
1.243366e+00,3.007812e-01
1.014884e+00,3.046875e-01
1.351724e+00,3.085938e-01
1.180928e+00,3.125000e-01
1.270633e+00,3.125000e-01
9.998890e-01,3.164062e-01
1.706637e+00,3.164062e-01
1.382892e+00,3.203125e-01
1.132473e+00,3.242188e-01
1.018606e+00,3.281250e-01
8.581987e-01,3.281250e-01
1.274720e+00,3.320312e-01
1.234453e+00,3.320312e-01
1.328505e+00,3.359375e-01
1.326394e+00,3.398438e-01
9.331286e-01,3.437500e-01
6.320184e-01,3.437500e-01
1.026321e+00,3.437500e-01
5.062305e-01,3.437500e-01
1.978581e+00,3.437500e-01
1.329286e+00,3.437500e-01
1.572583e+00,3.437500e-01
-7.208781e-01,3.398438e-01
1.493920e+00,3.359375e-01
6.308916e-01,3.320312e-01
5.309722e-01,3.320312e-01
1.000106e+00,3.281250e-01
7.513982e-01,3.242188e-01
1.239924e+00,3.203125e-01
1.456348e+00,3.164062e-01
1.002694e+00,3.125000e-01
9.736629e-01,3.085938e-01
1.487159e+00,3.046875e-01
1.937622e+00,2.968750e-01
5.094102e-01,2.929688e-01
1.966972e+00,2.890625e-01
8.103185e-01,2.851562e-01
1.300466e+00,2.812500e-01
6.567313e-01,2.812500e-01
8.950262e-01,2.812500e-01
7.230723e-01,2.812500e-01
1.169722e+00,2.812500e-01
1.604277e+00,2.812500e-01
1.287613e+00,2.851562e-01
8.314846e-01,2.890625e-01
8.699442e-01,2.929688e-01
1.051472e+00,2.968750e-01
1.719287e+00,3.007812e-01
6.263977e-01,3.007812e-01
3.788983e-01,3.046875e-01
8.919203e-01,3.085938e-01
7.942602e-01,3.125000e-01
1.003107e+00,3.125000e-01
1.303920e+00,3.125000e-01
9.669059e-01,3.125000e-01
4.957874e-01,3.125000e-01
1.455952e+00,3.085938e-01
5.145004e-01,3.046875e-01
1.322271e+00,3.007812e-01
2.087363e-01,2.968750e-01
5.492051e-01,2.929688e-01
1.437773e+00,2.890625e-01
5.408500e-01,2.851562e-01
-6.627151e-02,2.812500e-01
1.364160e+00,2.773438e-01
1.195334e-01,2.734375e-01
1.485338e+00,2.695312e-01
1.486852e+00,2.656250e-01
4.809175e-01,2.617188e-01
7.562630e-01,2.578125e-01
9.511832e-01,2.500000e-01
1.160600e+00,2.500000e-01
3.757743e-01,2.460938e-01
1.100963e+00,2.421875e-01
2.388063e-01,2.382812e-01
2.125151e+00,2.382812e-01
1.550522e+00,2.343750e-01
7.043917e-01,2.343750e-01
1.630572e+00,2.343750e-01
7.249489e-01,2.343750e-01
9.450157e-01,2.343750e-01
8.320884e-01,2.343750e-01
1.699314e+00,2.343750e-01
